Protein Name	Protein Sequence	Homology	Polymer	HMMER E-value	HMMER Bitscore	DIAMOND E-value	DIAMOND Bitscore	PET_prediction_xgb	signalp6_pred	signalp6_type	signalp6_cs	signalp6_prob	Prediction	OTHER	SP(Sec/SPI)	LIPO(Sec/SPII)	TAT(Tat/SPI)	TATLIPO(Tat/SPII)	PILIN(Sec/SPIII)	CS Position	signalp6_mode	signalp6_organism
HQ147786.1_1	MANPYERGPNPTDALLEARSGPFSVSEERASRFGADGFGGGTIYYPRENNTYGAVAISPGYTGTQASVAWLGERIASHGFVVITIDTNTTLDQPDSRARQLNAALDYMINDASSAVRSRIDSSRLAVMGHSMGGGGTLRLASQRPDLKAAIPLTPWHLNKNWSSVRVPTLIIGADLDTIAPVLTHARPFYNSLPTSISKAYLELDGATHFAPNIPNKIIGKYSVAWLKRFVDNDTRYTQFLCPGPRDGLFGEVEEYRSTCPF*	HMMER	PET	1.2e-65	218.5			0.9926968	False				OTHER	0.999321	0.000684	0.000019	0.000001	0.000001	0.000002		fast	other
HQ147786.1_1	MANPYERGPNPTDALLEARSGPFSVSEERASRFGADGFGGGTIYYPRENNTYGAVAISPGYTGTQASVAWLGERIASHGFVVITIDTNTTLDQPDSRARQLNAALDYMINDASSAVRSRIDSSRLAVMGHSMGGGGTLRLASQRPDLKAAIPLTPWHLNKNWSSVRVPTLIIGADLDTIAPVLTHARPFYNSLPTSISKAYLELDGATHFAPNIPNKIIGKYSVAWLKRFVDNDTRYTQFLCPGPRDGLFGEVEEYRSTCPF*	HMMER	PLA	2.9e-143	472.6				False				OTHER	0.999321	0.000684	0.000019	0.000001	0.000001	0.000002		fast	other
k141_1119381_10	MGKHLLRTLLICTFIATGWQAESMAKPQGKTVAPVQSIGVRTLKYEDANRNRPVLVELWYPIEAHKGVEAVGDDVYIHPKESRDAHLSSLTKQYPLIVMSHGHRGDRRDRSWLAERLVKANFVVASVEHHGNSRHTFNPILTLKYWERARDVIFALDQILKEPFLEGRINPDKIGFAGYSLGGMTGLALAGSTVQTLDQVISKHKEVLAEFPPEALAQVNFSDATCCQHDPRIKAALLIAPANFLYQPEALKQIKIPVGLVSAINDEILPHQEHSYPIIQHVVPVKMKVLRKEISHYAFLNPLSEVGKKLLPAKYHSDPPCCSRLAIHKEVGDFAVEFFQENL*	HMMER	PLA	3.2e-10	36.4				True	SP(Sec/SPI)	25-26	0.8214	SP	0.001017	0.903850	0.094276	0.000333	0.000268	0.000226	CS pos: 25-26. Pr: 0.8214	fast	other
k141_444262_3	MEAEVAAESEKVAKVSKLTLYLMASTVAVAALCAALHSHIHDVACSLRILAMILGGLSLIRILNSAAVSFPSFVAKPIHWVHAMAFELFALIAVIFLRLAGLFHSFEGPVGAKEGTPILLVHGYINSASVWIYIRRYLSKEGFGPIYALSLGSPFSSIRDHAKKVAARAEEIRRETGKSELILIGHSMGGLVSSYYATQLAPAESVKKLITIASPLKGTYIAKIALGMNGREMEPRSSFLKELNHLPCYNIGTKTDQLIVPADSSLIGTDPSHHMMFEDLGHASLLYSPRVAAQLKSWLADGS*	HMMER	PLA	1e-08	31.5				False				OTHER	1.000000	0.000001	0.000000	0.000000	0.000000	0.000000		fast	other
k141_675522_21	MKLSAITAYSWELLDAARSLLPQSKLEAAAALAISSAASYFVGIPFPAALPQGLIAASLLCPWKEMTAQILPQELPSPQTIPEANMTIESDEEAETGEQLFAPIEPESLAQVEEYNPISSGVEEGFSVRNYLLVAVLAGAVATALLFFCWPAAIPFFLIAGWYFLSAAAISANQAAIGTRLEKPLSHLHAATTEVNSLIASIALIPLTLFERYHRPHGGPNGAPILLLNGYMGCGANWHYQRKKLAEAGFGPIYTMNVRTLQSIPTNARHVAEKVAKIQQETGRNDLILIGHSKGGLVSSYFATHLAPESQTNVTHVITIGSPLEGTPLAAFGPGPDAKQMKPNDSFHRDLREKMKNSPHISFFHIASERDQIVPKSSALPSENPAKELLLKDLGHIGLLFSSRVANQIEAWLKK*	HMMER	PLA	6.8e-07	25.5				False				OTHER	0.999986	0.000048	0.000001	0.000000	0.000000	0.000000		fast	other
k141_1355790_16	MKETVVFVSGLLSNEMLWRHQTAHLKETHFVQVISPSQETPKQMVEAILDCAPPRFSLVGHSMGGWLSLETMKAAPQRVSRLTLLNTTACLDSEEKRGRRRQMIDRVDRGQFSEVVRELVDLLVFNPQAKGEVERMFLAVGPEAFIRQERSMLVRGECFSILPKIKCPCLIIHAAQDRNFSYLEHQEIADRIPNSRLAVIEDSGHMSPLEAPEKITSLLRSCLEMS*	HMMER	PLA	2.2e-19	66.4				False				OTHER	1.000000	0.000000	0.000000	0.000000	0.000000	0.000000		fast	other
k141_119030_12	MKIRFPPIEPYFTDFLPVSPEHTLYFEESGNPKGKPVVLVHGGPGTGTDSNQRCFFDPEYYRIILFDQRGAGKSTPFSSLNENTTWDLVADMEKLRTHLKIDKWVVFGGSWGSTLSLAYAETHPSQVLALILRGIFMGRKKELRWFYQFGAHHIFTDEFEKYLAPIPPEERSDLIGAYYRRLTSSDPSARKQAAKAWALWEDATLRLIHDPAVFSQFTDDRRADAIARIECHYFQNHCFFKTDNWLLENVGKIRSIPGVIVQGRYDIICPFESAWELHKAWPEAKFEVIKDAGHAGSEPGITDALIRATESFKI*	HMMER	PLA	5.7e-15	51.9				False				OTHER	1.000000	0.000000	0.000000	0.000000	0.000000	0.000000		fast	other
k141_1207925_4	MYRYLLLSLSFFGGGEMKTQYIPLDNGYKVWTKREGSGPIKILTLHGGPGCSHEYIESSFQDRFPPDQFEIIYYDQLGSYYSDQPDDPSLWTVDRFCSEVEQVRKALGLNQFYLYGQSWGGMLAVEYALKYQQNLKGLILSNTPGSIRSYEAYIHRLRLQLPDKTQSEMSLYEASEDYSNPSYQKLILDELYTRHLCRLSPWPRAVNLVFEHFNEKVYKTMQGPNEFIINGNFSNWDRWHEFSLIKVPTLVISGRYDTINPDDTISIASLLPQGSGVICEQGSHLCQYDDAEAYFKAIHDFIKK*	HMMER	PLA	1.3e-10	37.6				False				OTHER	0.805904	0.190835	0.001833	0.000535	0.000289	0.000615		fast	other
k141_322214_2	MSEELPFDPMPFMEDPHRQTIVSAFFNVTIEPPSVCHHIQLSDGDKLAIEVSTPSGWKESDPTVLLVHGLCGDHRSPNLVRMVKKLEPYNIRTVRFNMRGCGSGKGLSKNIYHCGRSDDVFEAVKYLKKNHPHSPLTLVGFSLGGNLVLKMAGELGSLGSHYLNGVIAICPPCDLLASVRMFSEEANQMYEKYFYKLMREEVHTRHAKFKELPRVNLPKQMKIYEFDQHYVVPTAGFTDVMDYYQKCSAVNFAEEIRLPTKILFAMDDPIISPFCLDGCALHENVKVYKTQKGGHMGYLTSPTNPRGVYWLDSLLEDWIRSF*	HMMER	PLA	4.4e-07	26.0				False				OTHER	1.000000	0.000000	0.000000	0.000000	0.000000	0.000000		fast	other
k141_20431_23	MQLLFLHGFLGCKEDWDEVIRRLPYSCHAIDLPGHGDAPFTPDFLSYFDSISKPLAPFHLIGYSMGGRLALQFAKKFPVASLTLVSTHLGLKTREERRARLEQDRKIAKEILELPIDDFLTRWYDQPLFKTLMEKMDVKAMRRNQNREGISHAIEAFSLGRQDDYSESLPPNTRIVAGEWDAAYRHRGTLIPDSGHAIHLEQPAALARYLTKALS*	HMMER	PLA	7.6e-07	25.2				False				OTHER	1.000000	0.000009	0.000000	0.000000	0.000000	0.000000		fast	other
